"barcode","SampleType","RawCount","logCPM","total_mutations"
"TCGA-4P-AA8J","Primary Tumor",14690,8.31549119658556,149
"TCGA-BA-4074","Primary Tumor",21291,8.28165102835568,158
"TCGA-BA-4075","Primary Tumor",21376,8.94765921061182,156
"TCGA-BA-4076","Primary Tumor",24828,9.13048714600505,357
"TCGA-BA-4077","Primary Tumor",31736,9.45839904192558,326
"TCGA-BA-4078","Primary Tumor",29928,7.92522105081316,502
"TCGA-BA-5149","Primary Tumor",59082,9.92607220048989,122
"TCGA-BA-5151","Primary Tumor",43029,9.11890867170337,90
"TCGA-BA-5152","Primary Tumor",24299,8.42288037463407,536
"TCGA-BA-5153","Primary Tumor",37567,9.50413039463446,41
"TCGA-BA-5555","Primary Tumor",24559,8.53912274052831,146
"TCGA-BA-5556","Primary Tumor",48540,9.73603086806901,136
"TCGA-BA-5557","Primary Tumor",40008,9.75304930884953,36
"TCGA-BA-5558","Primary Tumor",35591,9.469686476201,167
"TCGA-BA-5559","Primary Tumor",27310,8.09375565206184,67
"TCGA-BA-6868","Primary Tumor",63756,9.5880217479537,168
"TCGA-BA-6869","Primary Tumor",33563,9.06303069821274,527
"TCGA-BA-6870","Primary Tumor",30766,8.90011632526077,100
"TCGA-BA-6871","Primary Tumor",19197,7.67982244357565,148
"TCGA-BA-6872","Primary Tumor",16530,8.82369864329831,167
"TCGA-BA-6873","Primary Tumor",18786,8.98046405971838,70
"TCGA-BA-7269","Primary Tumor",18249,8.53558187070889,98
"TCGA-BA-A4IF","Primary Tumor",25320,8.83718947711493,100
"TCGA-BA-A4IG","Primary Tumor",46664,9.6626560653351,139
"TCGA-BA-A4IH","Primary Tumor",30895,8.65057542526526,47
"TCGA-BA-A4II","Primary Tumor",27017,8.94215345845212,107
"TCGA-BA-A6D8","Primary Tumor",16309,8.61401903044297,119
"TCGA-BA-A6DA","Primary Tumor",38584,10.7728121246749,777
"TCGA-BA-A6DB","Primary Tumor",12995,9.12714572004923,17
"TCGA-BA-A6DD","Primary Tumor",21140,8.8741405649154,58
"TCGA-BA-A6DE","Primary Tumor",56778,9.73241153939541,133
"TCGA-BA-A6DG","Primary Tumor",29302,9.11914853092872,21
"TCGA-BA-A6DI","Primary Tumor",41313,9.30950386304147,102
"TCGA-BA-A6DJ","Primary Tumor",43773,9.83520362505099,280
"TCGA-BA-A6DL","Primary Tumor",45967,9.64603234410947,91
"TCGA-BA-A8YP","Primary Tumor",22317,8.55211307030406,161
"TCGA-BB-4217","Primary Tumor",67595,9.82235272723573,30
"TCGA-BB-4223","Primary Tumor",27344,8.76864409285145,162
"TCGA-BB-4224","Primary Tumor",26717,8.52870253130198,80
"TCGA-BB-4225","Primary Tumor",25670,8.65754516731405,69
"TCGA-BB-4227","Primary Tumor",24456,8.96552406300563,282
"TCGA-BB-4228","Primary Tumor",29162,8.86848444786175,39
"TCGA-BB-7861","Primary Tumor",28988,8.48518249412567,NA
"TCGA-BB-7862","Primary Tumor",31014,8.89312784443954,NA
"TCGA-BB-7863","Primary Tumor",28876,9.22559455258836,NA
"TCGA-BB-7864","Primary Tumor",36513,9.25250011513493,NA
"TCGA-BB-7866","Primary Tumor",22561,8.34396511549047,NA
"TCGA-BB-7870","Primary Tumor",26992,9.1711207125656,309
"TCGA-BB-7871","Primary Tumor",34811,8.85516831812447,NA
"TCGA-BB-7872","Primary Tumor",50709,9.85516718976895,NA
"TCGA-BB-8596","Primary Tumor",15290,8.55546619375058,92
"TCGA-BB-8601","Primary Tumor",15082,8.61732136406245,77
"TCGA-BB-A5HU","Primary Tumor",39646,9.40733952045171,194
"TCGA-BB-A5HY","Primary Tumor",21995,8.62653114777538,223
"TCGA-BB-A5HZ","Primary Tumor",26454,9.24230882643832,87
"TCGA-BB-A6UM","Primary Tumor",42418,9.37734626069173,66
"TCGA-BB-A6UO","Primary Tumor",26337,9.56983334774663,116
"TCGA-C9-A47Z","Primary Tumor",24701,9.17240548289712,116
"TCGA-C9-A480","Primary Tumor",29046,9.14084034089851,53
"TCGA-CN-4722","Primary Tumor",28692,9.17419844022775,NA
"TCGA-CN-4723","Primary Tumor",39869,8.99333970427035,919
"TCGA-CN-4725","Primary Tumor",39091,9.1296699022223,60
"TCGA-CN-4726","Primary Tumor",29685,9.75108946858751,69
"TCGA-CN-4727","Primary Tumor",19245,8.75156306209094,471
"TCGA-CN-4728","Primary Tumor",20173,8.47025819385071,114
"TCGA-CN-4729","Primary Tumor",35123,9.30359064316713,151
"TCGA-CN-4730","Primary Tumor",32859,9.35162825766336,165
"TCGA-CN-4731","Primary Tumor",84997,10.745761907563,123
"TCGA-CN-4733","Primary Tumor",32148,9.47589781299569,14
"TCGA-CN-4734","Primary Tumor",22458,8.93608623731574,155
"TCGA-CN-4735","Primary Tumor",28459,8.55597305666442,152
"TCGA-CN-4736","Primary Tumor",30654,9.07287420578636,87
"TCGA-CN-4737","Primary Tumor",31503,9.01781435499602,49
"TCGA-CN-4738","Primary Tumor",39324,9.2278675484457,99
"TCGA-CN-4739","Primary Tumor",22915,8.14567240585554,218
"TCGA-CN-4740","Primary Tumor",22022,8.47524684968473,136
"TCGA-CN-4741","Primary Tumor",41000,8.95577860950598,115
"TCGA-CN-4742","Primary Tumor",30898,9.05913370680847,71
"TCGA-CN-5355","Primary Tumor",58865,9.95546703919482,112
"TCGA-CN-5356","Primary Tumor",22548,8.23378326572728,389
"TCGA-CN-5358","Primary Tumor",25790,8.90653387488776,35
"TCGA-CN-5359","Primary Tumor",19008,7.85309834034548,152
"TCGA-CN-5360","Primary Tumor",24093,8.56479419144149,558
"TCGA-CN-5361","Primary Tumor",21191,8.62772439061469,121
"TCGA-CN-5363","Primary Tumor",25368,9.19628158354668,205
"TCGA-CN-5364","Primary Tumor",33507,9.1411519548422,148
"TCGA-CN-5365","Primary Tumor",56303,10.1182976241385,73
"TCGA-CN-5366","Primary Tumor",29837,8.81965485050546,103
"TCGA-CN-5367","Primary Tumor",27954,8.84242690345783,101
"TCGA-CN-5369","Primary Tumor",31432,8.99698612473204,460
"TCGA-CN-5370","Primary Tumor",36202,8.93058219504081,101
"TCGA-CN-5373","Primary Tumor",24199,9.113360823537,157
"TCGA-CN-5374","Primary Tumor",28641,8.94088140116876,163
"TCGA-CN-6010","Primary Tumor",21891,8.34362269385193,140
"TCGA-CN-6011","Primary Tumor",14475,8.51804195982405,377
"TCGA-CN-6012","Primary Tumor",23168,8.6861151767517,117
"TCGA-CN-6013","Primary Tumor",25583,8.87226056282416,200
"TCGA-CN-6016","Primary Tumor",14103,8.38936934897667,125
"TCGA-CN-6017","Primary Tumor",20728,9.02958139347703,2
"TCGA-CN-6018","Primary Tumor",54944,10.0955284037438,114
"TCGA-CN-6019","Primary Tumor",17584,8.6180943000525,137
"TCGA-CN-6020","Primary Tumor",37131,9.55746029340605,144
"TCGA-CN-6021","Primary Tumor",45446,9.87314264526911,321
"TCGA-CN-6022","Primary Tumor",58586,9.76646344388092,78
"TCGA-CN-6023","Primary Tumor",30971,8.20958700623201,108
"TCGA-CN-6024","Primary Tumor",31186,9.24608793632613,189
"TCGA-CN-6988","Primary Tumor",22471,8.18824167063876,168
"TCGA-CN-6989","Primary Tumor",35019,8.8294910973914,110
"TCGA-CN-6992","Primary Tumor",34256,8.53143119095899,364
"TCGA-CN-6994","Primary Tumor",17019,8.41458439914095,121
"TCGA-CN-6995","Primary Tumor",46387,9.77734193903254,232
"TCGA-CN-6996","Primary Tumor",32951,8.94870141106668,51
"TCGA-CN-6997","Primary Tumor",81067,9.71774363606254,138
"TCGA-CN-6998","Primary Tumor",74656,10.4622422062391,86
"TCGA-CN-A497","Primary Tumor",16215,8.26060752554454,380
"TCGA-CN-A498","Primary Tumor",22417,8.86588460939101,127
"TCGA-CN-A499","Primary Tumor",25367,8.81232260953503,37
"TCGA-CN-A49A","Primary Tumor",34060,8.96292394460839,123
"TCGA-CN-A49B","Primary Tumor",27437,9.14263961417344,102
"TCGA-CN-A49C","Primary Tumor",25681,8.9562500528571,56
"TCGA-CN-A63T","Primary Tumor",22737,8.7447292732366,257
"TCGA-CN-A63U","Primary Tumor",32592,9.09293240808647,575
"TCGA-CN-A63V","Primary Tumor",25222,9.11607666049092,91
"TCGA-CN-A63W","Primary Tumor",40117,9.35130581138551,435
"TCGA-CN-A641","Primary Tumor",14018,7.88488101495193,233
"TCGA-CN-A642","Primary Tumor",22744,8.73519966301794,84
"TCGA-CN-A6UY","Primary Tumor",18163,8.62430974249498,44
"TCGA-CN-A6V1","Primary Tumor",21363,8.8042714740595,273
"TCGA-CN-A6V3","Primary Tumor",39110,9.17883877417664,259
"TCGA-CN-A6V6","Primary Tumor",22086,8.79993112191563,79
"TCGA-CN-A6V7","Primary Tumor",15506,7.73380724446553,50
"TCGA-CQ-5323","Primary Tumor",18098,8.78478772323443,62
"TCGA-CQ-5324","Primary Tumor",40922,10.2000490363788,72
"TCGA-CQ-5325","Primary Tumor",13138,8.82916557788455,53
"TCGA-CQ-5326","Primary Tumor",57180,9.89198076475871,239
"TCGA-CQ-5327","Primary Tumor",39481,9.70802017918061,252
"TCGA-CQ-5329","Primary Tumor",9405,7.80936882160115,30
"TCGA-CQ-5330","Primary Tumor",19388,8.83328662522202,64
"TCGA-CQ-5331","Primary Tumor",48284,9.3352353416772,153
"TCGA-CQ-5332","Primary Tumor",21307,8.87636336678523,153
"TCGA-CQ-5333","Primary Tumor",18218,8.87163325332671,217
"TCGA-CQ-5334","Primary Tumor",30827,9.45248354532478,195
"TCGA-CQ-6218","Primary Tumor",36958,9.58932557372813,144
"TCGA-CQ-6219","Primary Tumor",27971,8.90471143256831,61
"TCGA-CQ-6220","Primary Tumor",51714,10.2805876483125,110
"TCGA-CQ-6221","Primary Tumor",5579,6.7825248217833,125
"TCGA-CQ-6222","Primary Tumor",27188,9.20147797033091,51
"TCGA-CQ-6223","Primary Tumor",46391,9.61507386874133,92
"TCGA-CQ-6224","Primary Tumor",22804,8.4770566703553,63
"TCGA-CQ-6225","Primary Tumor",57784,9.67845078880005,161
"TCGA-CQ-6227","Primary Tumor",52405,9.61959173466285,47
"TCGA-CQ-6228","Primary Tumor",33889,8.90600525875327,108
"TCGA-CQ-6229","Primary Tumor",53978,9.73824116366102,31
"TCGA-CQ-7063","Primary Tumor",24635,9.38440399965465,143
"TCGA-CQ-7065","Primary Tumor",28432,9.23437905214847,32
"TCGA-CQ-7067","Primary Tumor",47642,9.44176786904328,NA
"TCGA-CQ-7068","Primary Tumor",34932,9.01207140784143,120
"TCGA-CQ-7069","Primary Tumor",41785,10.1707742796821,97
"TCGA-CQ-7071","Primary Tumor",33597,9.65481041258446,496
"TCGA-CQ-7072","Primary Tumor",16141,7.95257702087917,122
"TCGA-CQ-A4C6","Primary Tumor",31775,9.22221394141949,110
"TCGA-CQ-A4C7","Primary Tumor",19782,8.63702168931303,63
"TCGA-CQ-A4C9","Primary Tumor",15492,8.2731877734118,92
"TCGA-CQ-A4CA","Primary Tumor",31640,9.52499680706245,76
"TCGA-CQ-A4CB","Primary Tumor",16557,8.32433582413768,93
"TCGA-CQ-A4CD","Primary Tumor",15322,8.30785195410859,163
"TCGA-CQ-A4CE","Primary Tumor",25448,9.1155750314304,72
"TCGA-CQ-A4CG","Primary Tumor",24295,8.73488998098767,89
"TCGA-CQ-A4CH","Primary Tumor",18897,8.3094966230048,17
"TCGA-CQ-A4CI","Primary Tumor",21425,8.47499816911126,120
"TCGA-CR-5243","Primary Tumor",22228,8.29519391344172,64
"TCGA-CR-5247","Primary Tumor",32135,9.68383574213006,74
"TCGA-CR-5248","Primary Tumor",15805,8.20030897027411,345
"TCGA-CR-5249","Primary Tumor",28186,8.76770328725058,36
"TCGA-CR-5250","Primary Tumor",24214,8.65412703781671,42
"TCGA-CR-6467","Primary Tumor",47012,8.63383883338882,46
"TCGA-CR-6470","Primary Tumor",27781,8.64530810432739,36
"TCGA-CR-6471","Primary Tumor",46383,9.68257829114276,141
"TCGA-CR-6472","Primary Tumor",24611,8.93230698640531,521
"TCGA-CR-6473","Primary Tumor",11566,7.83462126007989,96
"TCGA-CR-6474","Primary Tumor",40156,9.29109515881965,107
"TCGA-CR-6477","Primary Tumor",22088,8.60815666485567,87
"TCGA-CR-6478","Primary Tumor",34817,8.83176567594584,133
"TCGA-CR-6480","Primary Tumor",40602,9.23747956739287,110
"TCGA-CR-6481","Primary Tumor",23592,8.46518009371263,516
"TCGA-CR-6482","Primary Tumor",23030,8.37948149489281,45
"TCGA-CR-6484","Primary Tumor",25374,8.83158849351688,282
"TCGA-CR-6487","Primary Tumor",24878,8.40136701928623,131
"TCGA-CR-6488","Primary Tumor",26604,8.42573295243996,36
"TCGA-CR-6491","Primary Tumor",20839,8.7971143266629,151
"TCGA-CR-6492","Primary Tumor",32676,8.91685142941275,54
"TCGA-CR-6493","Primary Tumor",54905,10.0741800753433,33
"TCGA-CR-7364","Primary Tumor",36710,9.45179706922516,508
"TCGA-CR-7365","Primary Tumor",37710,9.35905465471801,181
"TCGA-CR-7367","Primary Tumor",33057,8.81320700230563,186
"TCGA-CR-7368","Primary Tumor",49631,9.29588390723683,218
"TCGA-CR-7369","Primary Tumor",35933,9.0644464327348,79
"TCGA-CR-7370","Primary Tumor",47177,9.09723552374939,597
"TCGA-CR-7371","Primary Tumor",38696,9.07853885194253,312
"TCGA-CR-7372","Primary Tumor",33334,9.32237725110701,52
"TCGA-CR-7373","Primary Tumor",42525,9.53346626641871,124
"TCGA-CR-7374","Primary Tumor",30044,8.69219223302383,376
"TCGA-CR-7376","Primary Tumor",22433,8.47295600456135,54
"TCGA-CR-7377","Primary Tumor",39240,9.33074974117518,120
"TCGA-CR-7379","Primary Tumor",41539,9.51112691089511,137
"TCGA-CR-7380","Primary Tumor",28659,9.37041246687729,98
"TCGA-CR-7382","Primary Tumor",32935,8.87368228923743,77
"TCGA-CR-7383","Primary Tumor",34471,9.10426121965747,125
"TCGA-CR-7385","Primary Tumor",21499,9.1088656579519,39
"TCGA-CR-7386","Primary Tumor",16049,8.70640730649147,192
"TCGA-CR-7388","Primary Tumor",14931,8.25774251822031,728
"TCGA-CR-7389","Primary Tumor",27453,8.87069871544587,101
"TCGA-CR-7390","Primary Tumor",41452,9.44875940413804,153
"TCGA-CR-7391","Primary Tumor",24325,8.97735881115773,3
"TCGA-CR-7392","Primary Tumor",24999,9.05223466491871,11
"TCGA-CR-7393","Primary Tumor",24454,9.2850678341276,NA
"TCGA-CR-7394","Primary Tumor",21334,9.27162424599087,144
"TCGA-CR-7395","Primary Tumor",17357,9.17636206244651,158
"TCGA-CR-7397","Primary Tumor",19539,8.82202595903621,33
"TCGA-CR-7398","Primary Tumor",23374,8.36221076475137,379
"TCGA-CR-7399","Primary Tumor",21487,8.09806556701857,306
"TCGA-CR-7401","Primary Tumor",20985,8.86950005579142,89
"TCGA-CR-7402","Primary Tumor",44860,8.94224532636597,1083
"TCGA-CR-7404","Primary Tumor",22355,7.97261982219008,126
"TCGA-CV-5430","Primary Tumor",10796,7.80075437129657,151
"TCGA-CV-5431","Primary Tumor",20926,8.7327126156243,NA
"TCGA-CV-5432","Primary Tumor",18467,8.98176549562768,275
"TCGA-CV-5434","Primary Tumor",13725,7.58674398303492,144
"TCGA-CV-5435","Primary Tumor",46059,9.86211901996955,135
"TCGA-CV-5436","Primary Tumor",21432,8.80863684960156,105
"TCGA-CV-5439","Primary Tumor",44065,9.78232335370158,110
"TCGA-CV-5440","Primary Tumor",16310,8.48499331263088,119
"TCGA-CV-5441","Primary Tumor",50057,9.9235958793495,414
"TCGA-CV-5442","Primary Tumor",28231,9.32866071009035,253
"TCGA-CV-5443","Primary Tumor",19746,8.74478948457477,58
"TCGA-CV-5444","Primary Tumor",10336,7.68211021462795,140
"TCGA-CV-5966","Primary Tumor",52756,9.83941451685429,116
"TCGA-CV-5970","Primary Tumor",32311,9.38610731791432,188
"TCGA-CV-5971","Primary Tumor",11410,7.43044563120863,15
"TCGA-CV-5973","Primary Tumor",36056,9.94851430534992,64
"TCGA-CV-5976","Primary Tumor",47950,9.55153646218924,78
"TCGA-CV-5977","Primary Tumor",37288,9.7394828828219,97
"TCGA-CV-5978","Primary Tumor",14078,8.34540990830205,185
"TCGA-CV-5979","Primary Tumor",43443,9.84537829802795,30
"TCGA-CV-6003","Primary Tumor",53044,9.88125553410664,101
"TCGA-CV-6433","Primary Tumor",40058,9.38310170979203,53
"TCGA-CV-6436","Primary Tumor",24655,9.26687197655873,83
"TCGA-CV-6441","Primary Tumor",13547,8.0066104404487,250
"TCGA-CV-6933","Primary Tumor",27794,8.48142983575714,127
"TCGA-CV-6933","Solid Tissue Normal",8761,7.76905300358155,127
"TCGA-CV-6934","Primary Tumor",22370,8.02274163430497,99
"TCGA-CV-6934","Solid Tissue Normal",75066,10.205549082957,99
"TCGA-CV-6935","Primary Tumor",36160,9.33599946635407,240
"TCGA-CV-6935","Solid Tissue Normal",47103,9.96833070887187,240
"TCGA-CV-6936","Solid Tissue Normal",64519,10.3028994592285,284
"TCGA-CV-6936","Primary Tumor",43909,9.12071962221732,284
"TCGA-CV-6937","Primary Tumor",20588,8.94323531437371,123
"TCGA-CV-6938","Primary Tumor",19903,9.36764265580901,129
"TCGA-CV-6938","Solid Tissue Normal",28157,8.86972073622885,129
"TCGA-CV-6939","Primary Tumor",43558,9.15894132253547,43
"TCGA-CV-6939","Solid Tissue Normal",3184,6.56729055092035,43
"TCGA-CV-6940","Primary Tumor",24615,8.90459259025313,138
"TCGA-CV-6941","Primary Tumor",33186,8.95998351812419,161
"TCGA-CV-6942","Primary Tumor",25260,9.1455287525467,241
"TCGA-CV-6943","Primary Tumor",40466,9.21284388260947,49
"TCGA-CV-6943","Solid Tissue Normal",57792,10.3133635701282,49
"TCGA-CV-6945","Primary Tumor",42754,9.55227906802941,135
"TCGA-CV-6948","Primary Tumor",28281,8.18422339401126,205
"TCGA-CV-6950","Primary Tumor",69888,9.84312387697617,58
"TCGA-CV-6951","Primary Tumor",38068,9.5293994512889,143
"TCGA-CV-6952","Primary Tumor",46493,9.9054368537327,188
"TCGA-CV-6953","Primary Tumor",23217,9.27086729371434,114
"TCGA-CV-6954","Primary Tumor",44421,9.32084125623783,133
"TCGA-CV-6955","Solid Tissue Normal",35658,9.22797423893653,111
"TCGA-CV-6955","Primary Tumor",22939,9.31842549433694,111
"TCGA-CV-6956","Solid Tissue Normal",47648,10.3346571799101,210
"TCGA-CV-6956","Primary Tumor",48284,9.99067171026286,210
"TCGA-CV-6959","Primary Tumor",71143,10.000241124052,67
"TCGA-CV-6959","Solid Tissue Normal",35144,9.1214231291696,67
"TCGA-CV-6960","Primary Tumor",36234,9.15926765747312,198
"TCGA-CV-6960","Solid Tissue Normal",37012,9.91179981199993,198
"TCGA-CV-6961","Primary Tumor",78999,9.92036548986302,612
"TCGA-CV-6961","Solid Tissue Normal",35036,9.99491572485724,612
"TCGA-CV-6962","Solid Tissue Normal",49310,9.78927250398293,157
"TCGA-CV-6962","Primary Tumor",20741,8.47009166699694,157
"TCGA-CV-7089","Primary Tumor",50048,9.90826488767333,161
"TCGA-CV-7090","Primary Tumor",17988,8.64498910361565,53
"TCGA-CV-7091","Primary Tumor",24708,8.63348954469032,142
"TCGA-CV-7091","Solid Tissue Normal",2399,6.29131923839987,142
"TCGA-CV-7095","Primary Tumor",17665,8.83177565849118,260
"TCGA-CV-7097","Primary Tumor",31905,9.15468523873389,81
"TCGA-CV-7097","Solid Tissue Normal",8676,7.430696915587,81
"TCGA-CV-7099","Primary Tumor",53217,10.0591961578909,298
"TCGA-CV-7100","Primary Tumor",32687,9.35192933693422,17
"TCGA-CV-7101","Primary Tumor",49972,9.78601498248897,182
"TCGA-CV-7101","Solid Tissue Normal",72250,10.434438467413,182
"TCGA-CV-7102","Primary Tumor",15828,8.16045059626444,155
"TCGA-CV-7103","Primary Tumor",37080,9.12123424489223,47
"TCGA-CV-7103","Solid Tissue Normal",31083,9.25939514754413,47
"TCGA-CV-7104","Primary Tumor",35270,9.56320712954639,113
"TCGA-CV-7177","Solid Tissue Normal",44230,9.72459276476611,107
"TCGA-CV-7177","Primary Tumor",18246,9.15212083875772,107
"TCGA-CV-7178","Solid Tissue Normal",15740,8.56428309539539,125
"TCGA-CV-7178","Primary Tumor",18851,7.98553761689055,125
"TCGA-CV-7180","Primary Tumor",31421,9.77228546684595,60
"TCGA-CV-7183","Solid Tissue Normal",26691,9.57519976391952,64
"TCGA-CV-7183","Primary Tumor",32709,9.96417907563863,64
"TCGA-CV-7235","Primary Tumor",15280,8.26767764100798,140
"TCGA-CV-7235","Solid Tissue Normal",26175,8.72878502122341,140
"TCGA-CV-7236","Primary Tumor",36275,9.24430547214639,48
"TCGA-CV-7238","Primary Tumor",25807,8.56141823660919,53
"TCGA-CV-7238","Solid Tissue Normal",37672,9.6364287979446,53
"TCGA-CV-7242","Solid Tissue Normal",43151,9.58365532222485,321
"TCGA-CV-7242","Primary Tumor",46907,9.20547147839328,321
"TCGA-CV-7243","Primary Tumor",28949,9.14322117809071,71
"TCGA-CV-7245","Solid Tissue Normal",14814,7.90943881043604,552
"TCGA-CV-7245","Primary Tumor",45450,9.62318084222505,552
"TCGA-CV-7247","Primary Tumor",21200,8.38690127106662,65
"TCGA-CV-7248","Primary Tumor",39878,8.94872309593223,307
"TCGA-CV-7250","Primary Tumor",28147,9.15687642985008,219
"TCGA-CV-7250","Solid Tissue Normal",39716,9.86607053122766,219
"TCGA-CV-7252","Primary Tumor",42550,9.68367888374273,246
"TCGA-CV-7252","Solid Tissue Normal",51690,10.0749262396687,246
"TCGA-CV-7253","Primary Tumor",66776,10.025325943054,195
"TCGA-CV-7254","Primary Tumor",9837,7.60798336625758,277
"TCGA-CV-7255","Solid Tissue Normal",83417,10.5509766743778,111
"TCGA-CV-7255","Primary Tumor",150463,11.0465491443594,111
"TCGA-CV-7261","Primary Tumor",28182,9.05074026087992,104
"TCGA-CV-7261","Solid Tissue Normal",47875,9.72138627478936,104
"TCGA-CV-7263","Primary Tumor",27063,8.53108519074655,114
"TCGA-CV-7406","Solid Tissue Normal",64424,10.6159632884086,213
"TCGA-CV-7406","Primary Tumor",40237,9.20597507045191,213
"TCGA-CV-7407","Primary Tumor",34092,9.22189577645274,125
"TCGA-CV-7409","Primary Tumor",34020,9.197436901258,NA
"TCGA-CV-7410","Primary Tumor",50303,9.48671139460246,47
"TCGA-CV-7411","Primary Tumor",37538,9.79746299654852,122
"TCGA-CV-7413","Primary Tumor",27897,8.90139969505601,80
"TCGA-CV-7414","Primary Tumor",38580,9.18887511977831,287
"TCGA-CV-7415","Primary Tumor",35174,9.08670765073241,83
"TCGA-CV-7416","Solid Tissue Normal",91413,10.9657740139747,74
"TCGA-CV-7416","Primary Tumor",22253,8.4196259446454,74
"TCGA-CV-7418","Primary Tumor",38716,8.98168015767876,168
"TCGA-CV-7421","Primary Tumor",28357,8.87819510356493,65
"TCGA-CV-7422","Primary Tumor",29081,8.59635606125459,151
"TCGA-CV-7423","Primary Tumor",42094,9.6395842263492,78
"TCGA-CV-7423","Solid Tissue Normal",39741,9.69695337163345,78
"TCGA-CV-7424","Primary Tumor",13091,7.42590437445193,204
"TCGA-CV-7424","Solid Tissue Normal",39071,9.37563717715574,204
"TCGA-CV-7425","Primary Tumor",24327,9.05280445615172,118
"TCGA-CV-7425","Solid Tissue Normal",27490,9.26889242070406,118
"TCGA-CV-7427","Primary Tumor",61792,10.0641911078557,466
"TCGA-CV-7428","Primary Tumor",30580,9.0726916955586,NA
"TCGA-CV-7429","Primary Tumor",24409,8.59739044614208,57
"TCGA-CV-7430","Primary Tumor",123533,11.1300900880115,120
"TCGA-CV-7432","Solid Tissue Normal",14714,8.05069651667168,166
"TCGA-CV-7432","Primary Tumor",52140,10.0960276760781,166
"TCGA-CV-7433","Primary Tumor",36575,9.29958059102884,119
"TCGA-CV-7434","Primary Tumor",69685,10.4015349712882,98
"TCGA-CV-7434","Solid Tissue Normal",27180,8.70934672318344,98
"TCGA-CV-7435","Primary Tumor",35955,9.24642991730395,90
"TCGA-CV-7437","Primary Tumor",23989,8.84322832325933,135
"TCGA-CV-7437","Solid Tissue Normal",69279,10.0296866302545,135
"TCGA-CV-7438","Solid Tissue Normal",43107,9.78113388441529,109
"TCGA-CV-7438","Primary Tumor",25728,8.92854527528856,109
"TCGA-CV-7440","Primary Tumor",53010,9.9381691836661,230
"TCGA-CV-7440","Solid Tissue Normal",96807,10.6327681256949,230
"TCGA-CV-7446","Primary Tumor",43404,9.06053620683427,166
"TCGA-CV-7568","Primary Tumor",27198,8.3658159956484,2787
"TCGA-CV-A45O","Primary Tumor",28453,9.84638696038146,148
"TCGA-CV-A45P","Primary Tumor",33472,9.56450661523852,165
"TCGA-CV-A45Q","Primary Tumor",26456,10.1631955515063,311
"TCGA-CV-A45R","Primary Tumor",27010,9.06241058153815,92
"TCGA-CV-A45T","Primary Tumor",23868,8.88008800254947,13
"TCGA-CV-A45U","Primary Tumor",11480,7.49251675533769,212
"TCGA-CV-A45V","Primary Tumor",30323,9.49624970443578,120
"TCGA-CV-A45W","Primary Tumor",14012,8.11664597413227,654
"TCGA-CV-A45X","Primary Tumor",34212,9.60061353675046,121
"TCGA-CV-A45Y","Primary Tumor",20514,8.68383124128212,67
"TCGA-CV-A45Z","Primary Tumor",20076,8.50130333459029,725
"TCGA-CV-A460","Primary Tumor",25009,8.91003915388527,71
"TCGA-CV-A461","Primary Tumor",26024,8.75262983101776,659
"TCGA-CV-A463","Primary Tumor",24384,9.26144385371838,244
"TCGA-CV-A464","Primary Tumor",18011,8.46133986330686,29
"TCGA-CV-A465","Primary Tumor",55969,10.1925569160415,40
"TCGA-CV-A468","Primary Tumor",26119,9.06272220788574,424
"TCGA-CV-A6JD","Primary Tumor",22229,8.75086935066388,103
"TCGA-CV-A6JE","Primary Tumor",17497,8.63749119563794,156
"TCGA-CV-A6JM","Primary Tumor",30609,9.71767218529541,302
"TCGA-CV-A6JN","Primary Tumor",25187,9.49846260992149,84
"TCGA-CV-A6JO","Primary Tumor",31589,9.47498168823614,68
"TCGA-CV-A6JT","Primary Tumor",16878,8.81053857707092,56
"TCGA-CV-A6JU","Primary Tumor",27886,9.05801221758881,142
"TCGA-CV-A6JY","Primary Tumor",22991,9.26743893569299,82
"TCGA-CV-A6JZ","Primary Tumor",36869,9.05089069545712,111
"TCGA-CV-A6K0","Primary Tumor",17243,8.30909360074978,10
"TCGA-CV-A6K1","Primary Tumor",29227,9.19563011842823,572
"TCGA-CV-A6K2","Primary Tumor",25570,9.28661720794592,734
"TCGA-CX-7082","Primary Tumor",40455,9.01403980293366,99
"TCGA-CX-7085","Primary Tumor",39026,9.620203642077,98
"TCGA-CX-7086","Primary Tumor",45577,9.43836483952297,248
"TCGA-CX-7219","Primary Tumor",72686,9.99088336794829,121
"TCGA-CX-A4AQ","Primary Tumor",13706,7.75462535263175,108
"TCGA-D6-6515","Primary Tumor",20533,8.47226095328616,39
"TCGA-D6-6516","Primary Tumor",39775,9.56718555469998,2171
"TCGA-D6-6517","Primary Tumor",40092,9.22955558379672,72
"TCGA-D6-6823","Primary Tumor",49811,9.24957252116505,112
"TCGA-D6-6824","Primary Tumor",33266,8.99733565173241,32
"TCGA-D6-6825","Primary Tumor",37036,9.34865754596174,76
"TCGA-D6-6826","Primary Tumor",40189,8.71082353297039,110
"TCGA-D6-6827","Primary Tumor",20491,7.9391309346473,16
"TCGA-D6-8568","Primary Tumor",22718,9.21228393615104,116
"TCGA-D6-8569","Primary Tumor",19351,8.9492079103121,145
"TCGA-D6-A4Z9","Primary Tumor",45481,9.78130253663576,97
"TCGA-D6-A4ZB","Primary Tumor",16377,8.40046067394385,148
"TCGA-D6-A6EK","Primary Tumor",15568,9.17012694258158,179
"TCGA-D6-A6EM","Primary Tumor",14942,8.5582834347832,97
"TCGA-D6-A6EN","Primary Tumor",28045,9.58624837665783,113
"TCGA-D6-A6EO","Primary Tumor",73965,9.95976059555806,90
"TCGA-D6-A6EP","Primary Tumor",11245,7.63503666988054,127
"TCGA-D6-A6EQ","Primary Tumor",31037,9.82514594480417,100
"TCGA-D6-A6ES","Primary Tumor",20584,9.62364465666037,212
"TCGA-D6-A74Q","Primary Tumor",33484,8.99882748146568,461
"TCGA-DQ-5624","Primary Tumor",42349,9.34012533550843,94
"TCGA-DQ-5625","Primary Tumor",57321,10.1819750401909,203
"TCGA-DQ-5629","Primary Tumor",23906,8.97834374650567,369
"TCGA-DQ-5630","Primary Tumor",30052,9.11636955978756,71
"TCGA-DQ-5631","Primary Tumor",35627,8.64150119774229,100
"TCGA-DQ-7588","Primary Tumor",35709,9.62895762750589,109
"TCGA-DQ-7589","Primary Tumor",19144,7.82223469070476,NA
"TCGA-DQ-7590","Primary Tumor",20612,8.4146159184829,NA
"TCGA-DQ-7591","Primary Tumor",36645,9.00398725254816,34
"TCGA-DQ-7592","Primary Tumor",40232,9.1085208951785,83
"TCGA-DQ-7593","Primary Tumor",32867,8.72817058949918,22
"TCGA-DQ-7594","Primary Tumor",36237,8.81757612417298,NA
"TCGA-DQ-7595","Primary Tumor",38866,9.23743495485958,NA
"TCGA-DQ-7596","Primary Tumor",57087,9.52630349996306,30
"TCGA-F7-7848","Primary Tumor",23947,8.45796260512893,351
"TCGA-F7-8298","Primary Tumor",10348,8.01716456961348,106
"TCGA-F7-8489","Primary Tumor",29683,9.54444776268168,153
"TCGA-F7-A50G","Primary Tumor",15682,8.46383506118772,106
"TCGA-F7-A50I","Primary Tumor",49324,10.3852365303147,149
"TCGA-F7-A50J","Primary Tumor",21558,9.1782329418474,182
"TCGA-F7-A61S","Primary Tumor",16285,8.85469803580859,116
"TCGA-F7-A61V","Primary Tumor",21766,8.88463371902728,113
"TCGA-F7-A61W","Primary Tumor",35035,9.47730054104689,66
"TCGA-F7-A620","Primary Tumor",31784,9.3866290446388,68
"TCGA-F7-A622","Primary Tumor",25055,9.19502472898927,70
"TCGA-F7-A623","Primary Tumor",16246,8.1005833681627,200
"TCGA-F7-A624","Primary Tumor",20853,8.49018809811883,3594
"TCGA-H7-7774","Primary Tumor",28196,9.29515933369487,148
"TCGA-H7-8501","Primary Tumor",15173,8.63292490166397,160
"TCGA-H7-8502","Primary Tumor",26975,9.55444629046548,NA
"TCGA-H7-A6C4","Solid Tissue Normal",12600,8.74947487086328,36
"TCGA-H7-A6C4","Primary Tumor",42934,9.90896517948756,36
"TCGA-H7-A6C5","Solid Tissue Normal",30582,9.19814533324926,115
"TCGA-H7-A76A","Primary Tumor",9571,7.76152289600116,76
"TCGA-HD-7229","Primary Tumor",13158,7.96928281579569,158
"TCGA-HD-7753","Primary Tumor",27820,8.70639622126341,107
"TCGA-HD-7754","Primary Tumor",41936,8.9117644694078,66
"TCGA-HD-7831","Primary Tumor",11674,8.14526388560812,39
"TCGA-HD-7832","Primary Tumor",59170,10.0084462283142,111
"TCGA-HD-7917","Primary Tumor",24864,8.82637209360462,NA
"TCGA-HD-8224","Primary Tumor",22435,9.0290621659857,76
"TCGA-HD-8314","Primary Tumor",14551,8.12683278546312,76
"TCGA-HD-8634","Primary Tumor",21703,9.11294607352999,64
"TCGA-HD-8635","Solid Tissue Normal",22646,9.28353977489741,239
"TCGA-HD-8635","Primary Tumor",29027,9.40305578877895,239
"TCGA-HD-A4C1","Primary Tumor",34109,9.39702503808026,207
"TCGA-HD-A633","Primary Tumor",24516,8.75298757171414,154
"TCGA-HD-A634","Primary Tumor",8509,7.37771093875952,46
"TCGA-HD-A6HZ","Solid Tissue Normal",8715,8.39188886447321,91
"TCGA-HD-A6HZ","Primary Tumor",12410,8.0518226356609,91
"TCGA-HD-A6I0","Solid Tissue Normal",14380,8.65877760640334,77
"TCGA-HD-A6I0","Primary Tumor",25346,9.8340640335375,77
"TCGA-HL-7533","Primary Tumor",28270,9.05427754069895,NA
"TCGA-IQ-7630","Primary Tumor",41686,9.20003237320118,123
"TCGA-IQ-7631","Primary Tumor",15701,8.31748836497782,35
"TCGA-IQ-7632","Primary Tumor",44636,10.1447278557485,44
"TCGA-IQ-A61E","Primary Tumor",33178,9.43773021467606,183
"TCGA-IQ-A61G","Primary Tumor",28577,9.17356673889585,143
"TCGA-IQ-A61H","Primary Tumor",21187,8.58450170609699,143
"TCGA-IQ-A61I","Primary Tumor",16439,8.10224192137329,134
"TCGA-IQ-A61J","Primary Tumor",29841,9.03385009624064,39
"TCGA-IQ-A61O","Primary Tumor",21470,8.94750234126282,41
"TCGA-IQ-A6SG","Primary Tumor",30257,8.86746269891252,111
"TCGA-IQ-A6SH","Primary Tumor",26774,9.25590879819836,84
"TCGA-KU-A66S","Primary Tumor",12563,7.58078310604196,533
"TCGA-KU-A66T","Primary Tumor",43325,9.49148587223179,117
"TCGA-KU-A6H7","Primary Tumor",25444,8.72190439181009,228
"TCGA-KU-A6H7","Metastatic",21639,8.75227263338795,228
"TCGA-KU-A6H8","Primary Tumor",13361,8.17355541762133,25
"TCGA-MT-A51W","Primary Tumor",35229,9.71907183077217,68
"TCGA-MT-A51X","Primary Tumor",44536,9.89592267322815,57
"TCGA-MT-A67A","Primary Tumor",10159,8.51930996498386,120
"TCGA-MT-A67D","Primary Tumor",42271,9.56265497307132,111
"TCGA-MT-A67F","Primary Tumor",48916,10.2098706999962,315
"TCGA-MT-A7BN","Primary Tumor",9886,8.19618785819389,67
"TCGA-MZ-A5BI","Primary Tumor",19374,8.51787144699082,32
"TCGA-MZ-A6I9","Primary Tumor",31243,9.08450586693182,35
"TCGA-MZ-A7D7","Primary Tumor",6773,7.31613460209546,158
"TCGA-P3-A5Q5","Primary Tumor",25157,8.73313953239903,295
"TCGA-P3-A5Q6","Primary Tumor",24672,9.07577638969623,138
"TCGA-P3-A5QA","Primary Tumor",11427,7.69147802711885,73
"TCGA-P3-A5QE","Primary Tumor",53422,9.54489314130406,43
"TCGA-P3-A5QF","Primary Tumor",31264,9.28460995362869,403
"TCGA-P3-A6SW","Primary Tumor",5854,7.02911259029799,92
"TCGA-P3-A6SX","Primary Tumor",31031,9.04885589057363,181
"TCGA-P3-A6T0","Primary Tumor",23630,8.5982986600408,90
"TCGA-P3-A6T2","Primary Tumor",41525,9.55206037631128,63
"TCGA-P3-A6T3","Primary Tumor",42207,10.0268698998777,112
"TCGA-P3-A6T4","Primary Tumor",35381,9.40838970557567,153
"TCGA-P3-A6T5","Primary Tumor",43857,9.70977767056483,244
"TCGA-P3-A6T6","Primary Tumor",6137,7.50126626122516,136
"TCGA-P3-A6T7","Primary Tumor",36923,9.59425974751453,144
"TCGA-P3-A6T8","Primary Tumor",18546,8.50955714626995,93
"TCGA-QK-A64Z","Primary Tumor",16000,8.11805607304454,91
"TCGA-QK-A652","Primary Tumor",48289,9.60573493932401,43
"TCGA-QK-A6IF","Primary Tumor",16415,8.38049038028743,28
"TCGA-QK-A6IG","Primary Tumor",30029,9.48215573331853,127
"TCGA-QK-A6IH","Primary Tumor",27197,9.51787092049744,77
"TCGA-QK-A6II","Primary Tumor",30529,9.86897802633304,193
"TCGA-QK-A6IJ","Primary Tumor",24561,9.37320242619594,66
"TCGA-QK-A6V9","Primary Tumor",33363,8.85209734753506,86
"TCGA-QK-A6VB","Primary Tumor",43627,9.09223583803576,525
"TCGA-QK-A6VC","Primary Tumor",30533,9.25540820450862,195
"TCGA-QK-A8Z7","Primary Tumor",37043,9.07101511065794,154
"TCGA-QK-A8Z8","Primary Tumor",26205,8.77190263618587,433
"TCGA-QK-A8Z9","Primary Tumor",26049,8.93930744617143,127
"TCGA-QK-A8ZA","Primary Tumor",9012,7.39060569945505,130
"TCGA-QK-A8ZB","Primary Tumor",69920,9.78798949189777,112
"TCGA-QK-AA3J","Primary Tumor",39739,9.01708025550436,127
"TCGA-QK-AA3K","Primary Tumor",8393,7.69716858822705,107
"TCGA-RS-A6TO","Primary Tumor",39594,9.87590908717396,172
"TCGA-RS-A6TP","Primary Tumor",17184,7.94552410731904,142
"TCGA-T2-A6WX","Primary Tumor",18178,8.55938676864446,200
"TCGA-T2-A6WZ","Primary Tumor",10742,8.84836190119976,97
"TCGA-T2-A6X0","Primary Tumor",37974,8.83068465015108,64
"TCGA-T2-A6X2","Primary Tumor",17039,9.04208852313073,396
"TCGA-T3-A92M","Primary Tumor",18295,8.17696076508268,357
"TCGA-T3-A92N","Primary Tumor",19453,8.78231757429896,185
"TCGA-TN-A7HI","Primary Tumor",8351,7.7589613816892,55
"TCGA-TN-A7HJ","Primary Tumor",24652,9.1291800840067,111
"TCGA-TN-A7HL","Primary Tumor",26019,8.78260210317293,678
"TCGA-UF-A718","Primary Tumor",30987,8.99910465211695,58
"TCGA-UF-A719","Primary Tumor",14953,7.76220669065542,121
"TCGA-UF-A71A","Metastatic",8514,7.47143809030592,434
"TCGA-UF-A71A","Primary Tumor",9411,7.4278421098127,434
"TCGA-UF-A71B","Primary Tumor",17113,8.56524726302072,153
"TCGA-UF-A71D","Primary Tumor",16481,9.1116670204586,504
"TCGA-UF-A71E","Primary Tumor",25444,8.8846397556079,178
"TCGA-UF-A7J9","Primary Tumor",22407,8.33763745897519,271
"TCGA-UF-A7JA","Primary Tumor",12389,8.09142381347732,210
"TCGA-UF-A7JC","Primary Tumor",34993,10.0375612567934,60
"TCGA-UF-A7JD","Primary Tumor",10430,7.95397058683369,119
"TCGA-UF-A7JF","Primary Tumor",12705,8.21260232658406,116
"TCGA-UF-A7JH","Primary Tumor",15608,8.11460895356982,85
"TCGA-UF-A7JJ","Primary Tumor",12438,8.3243080306884,74
"TCGA-UF-A7JK","Primary Tumor",21160,8.98683954642301,125
"TCGA-UF-A7JO","Primary Tumor",22236,8.52494996658863,185
"TCGA-UF-A7JS","Primary Tumor",17863,9.53535737228116,72
"TCGA-UF-A7JT","Primary Tumor",30443,8.99961253727604,224
"TCGA-UF-A7JV","Primary Tumor",22550,8.4824746032825,79
"TCGA-UP-A6WW","Primary Tumor",15878,7.68703048312592,43
"TCGA-WA-A7GZ","Solid Tissue Normal",14297,8.41235629102575,220
"TCGA-WA-A7GZ","Primary Tumor",31401,8.92248778794716,220
"TCGA-WA-A7H4","Primary Tumor",15944,8.69962674191739,61
